Processor,Score
AMD Ryzen 9 5950X 3.4 GHz (16 cores),1676
AMD Ryzen 7 5800X 3.8 GHz (8 cores),1664
AMD Ryzen 9 5900X 3.7 GHz (12 cores),1659
AMD Ryzen 5 5600X 3.7 GHz (6 cores),1598
Intel Core i7-1165G7 2.8 GHz (4 cores),1410
Intel Core i9-10900K 3.7 GHz (10 cores),1404
Intel Core i9-9900KS 4.0 GHz (8 cores),1375
Intel Core i9-10900KF 3.7 GHz (10 cores),1370
Intel Core i9-10850K 3.6 GHz (10 cores),1362
AMD Ryzen 7 3800XT 3.9 GHz (8 cores),1351
Intel Core i7-10700K 3.8 GHz (8 cores),1349
Intel Core i9-10910 3.6 GHz (10 cores),1336
Intel Core i5-10600KF 4.1 GHz (6 cores),1328
AMD Ryzen 9 3900XT 3.8 GHz (12 cores),1325
Intel Core i7-10700KF 3.8 GHz (8 cores),1323
Intel Core i9-9900K 3.6 GHz (8 cores),1320
Intel Core i9-10900 2.8 GHz (10 cores),1320
Intel Core i9-9900KF 3.6 GHz (8 cores),1318
Intel Core i5-10600K 4.1 GHz (6 cores),1316
Intel Core i7-8086K 4.0 GHz (6 cores),1312
AMD Ryzen 5 3600XT 3.8 GHz (6 cores),1301
AMD Ryzen 9 3950X 3.5 GHz (16 cores),1299
Intel Core i7-9700KF 3.6 GHz (8 cores),1293
AMD Ryzen 7 3800X 3.9 GHz (8 cores),1291
Intel Core i7-9700K 3.6 GHz (8 cores),1286
AMD Ryzen 9 3900X 3.8 GHz (12 cores),1282
AMD Ryzen Threadripper 3960X 3.8 GHz (24 cores),1280
Intel Xeon E-2288G 3.7 GHz (8 cores),1277
Intel Core i7-10700 2.9 GHz (8 cores),1267
AMD Ryzen 3 3300X 3.8 GHz (4 cores),1266
AMD Ryzen Threadripper 3970X 3.7 GHz (32 cores),1261
Intel Core i7-8700K 3.7 GHz (6 cores),1259
AMD Ryzen 7 3700X 3.6 GHz (8 cores),1254
Intel Core i5-9600KF 3.7 GHz (6 cores),1251
Intel Core i7-7740X 4.3 GHz (4 cores),1248
AMD Ryzen 5 3600X 3.8 GHz (6 cores),1247
Intel Core i5-10600 3.3 GHz (6 cores),1247
Intel Core i9-9900 3.1 GHz (8 cores),1245
Intel Core i7-1068NG7 2.3 GHz (4 cores),1244
Intel Core i5-9600K 3.7 GHz (6 cores),1238
Intel Core i5-7640X 4.0 GHz (4 cores),1233
Intel Core i7-7700K 4.2 GHz (4 cores),1221
Intel Core i5-8600K 3.6 GHz (6 cores),1220
Intel Core i9-10920X 3.5 GHz (12 cores),1220
AMD Ryzen Threadripper 3990X 2.9 GHz (64 cores),1208
Intel Core i7-10875H 2.3 GHz (8 cores),1208
Intel Core i5-9600 3.1 GHz (6 cores),1207
Intel Core i7-9700F 3.0 GHz (8 cores),1205
AMD Ryzen 5 3600 3.6 GHz (6 cores),1203
Intel Core i7-9700 3.0 GHz (8 cores),1200
AMD Ryzen 9 3900 3.1 GHz (12 cores),1194
Intel Core i7-9800X 3.8 GHz (8 cores),1188
Intel Core i5-10500 3.1 GHz (6 cores),1177
AMD Ryzen 5 3500X 3.6 GHz (6 cores),1173
Intel Core i3-7350K 4.2 GHz (2 cores),1165
Intel Core i3-8350K 4.0 GHz (4 cores),1165
Intel Core i7-8700B 3.2 GHz (6 cores),1163
Intel Core i9-10980XE 3.0 GHz (18 cores),1162
Intel Core i7-8700 3.2 GHz (6 cores),1160
Intel Core i9-10940X 3.3 GHz (14 cores),1159
Intel Core i9-9940X 3.3 GHz (14 cores),1157
Intel Core i5-7600K 3.8 GHz (4 cores),1156
Intel Core i9-10900X 3.7 GHz (10 cores),1156
Intel Core i7-10750H 2.6 GHz (6 cores),1146
Intel Xeon E-2276M 2.8 GHz (6 cores),1144
Intel Core i7-6700K 4.0 GHz (4 cores),1142
Intel Xeon W-3175X 3.1 GHz (28 cores),1142
Intel Core i7-8569U 2.8 GHz (4 cores),1140
Intel Core i9-9980XE 3.0 GHz (18 cores),1137
Intel Xeon W-3245 3.2 GHz (16 cores),1127
AMD Ryzen 5 3500 3.6 GHz (6 cores),1127
Intel Core i5-8600 3.1 GHz (6 cores),1124
Intel Core i5-1038NG7 2.0 GHz (4 cores),1122
AMD Ryzen 3 3100 3.6 GHz (4 cores),1122
Intel Core i7-10510U 1.8 GHz (4 cores),1122
Intel Xeon W-2145 3.7 GHz (8 cores),1121
Intel Core i9-9900X 3.5 GHz (10 cores),1115
Intel Core i5-9500 3.0 GHz (6 cores),1115
Intel Core i5-10400 2.9 GHz (6 cores),1115
Intel Core i9-7940X 3.1 GHz (14 cores),1114
Intel Core i9-7900X 3.3 GHz (10 cores),1112
Intel Core i9-9980HK 2.4 GHz (8 cores),1111
Intel Core i3-10100 3.6 GHz (4 cores),1109
Intel Core i5-10400F 2.9 GHz (6 cores),1109
Intel Core i9-7980XE 2.6 GHz (18 cores),1104
Intel Xeon W-3235 3.3 GHz (12 cores),1101
Intel Core i5-6600K 3.5 GHz (4 cores),1100
Intel Core i7-7820X 3.6 GHz (8 cores),1097
Intel Core i9-7920X 2.9 GHz (12 cores),1094
AMD Ryzen 9 4900HS 3.0 GHz (8 cores),1093
Intel Core i9-9960X 3.1 GHz (16 cores),1092
AMD Ryzen 7 4800H 2.9 GHz (8 cores),1092
Intel Core i9-7960X 2.8 GHz (16 cores),1087
Intel Core i7-9850H 2.6 GHz (6 cores),1082
Intel Xeon W-2150B 3.0 GHz (10 cores),1081
Intel Core i7-8559U 2.7 GHz (4 cores),1080
AMD Ryzen 7 4800HS 2.9 GHz (8 cores),1074
Intel Xeon W-2191B 2.3 GHz (18 cores),1073
Intel Xeon E3-1240 v6 3.7 GHz (4 cores),1073
AMD Ryzen Threadripper 2920X 3.5 GHz (12 cores),1071
Intel Core i9-9920X 3.5 GHz (12 cores),1071
Intel Core i9-8950HK 2.9 GHz (6 cores),1070
Intel Core i3-9100 3.6 GHz (4 cores),1069
AMD Ryzen Threadripper 2950X 3.5 GHz (16 cores),1068
Intel Core i5-10300H 2.5 GHz (4 cores),1068
Intel Core i5-9400F 2.9 GHz (6 cores),1067
Intel Xeon E5-1660 v3 3.0 GHz (8 cores),1066
Intel Core i7-7800X 3.5 GHz (6 cores),1065
Intel Xeon W-2155 3.3 GHz (10 cores),1065
Intel Xeon W-2125 4.0 GHz (4 cores),1065
Intel Core i9-9880H 2.3 GHz (8 cores),1062
Intel Core i5-8500B 3.0 GHz (6 cores),1061
Intel Xeon E3-1275 v6 3.8 GHz (4 cores),1060
Intel Core i5-8500 3.0 GHz (6 cores),1060
Intel Xeon W-2135 3.7 GHz (6 cores),1060
Intel Core i5-9400 2.9 GHz (6 cores),1060
Intel Core i7-4790K 4.0 GHz (4 cores),1059
Intel Core i5-1030NG7 1.1 GHz (4 cores),1050
Intel Core i7-8700T 2.4 GHz (6 cores),1048
Intel Core i7-7700 3.6 GHz (4 cores),1047
Intel Core i5-8400 2.8 GHz (6 cores),1042
AMD Ryzen 7 2700X 3.7 GHz (8 cores),1042
Intel Core i7-9750H 2.6 GHz (6 cores),1042
Intel Core i5-5675C 3.1 GHz (4 cores),1040
Intel Core i3-7300 4.0 GHz (2 cores),1040
Intel Xeon E-2176M 2.7 GHz (6 cores),1040
AMD Ryzen 5 2600X 3.6 GHz (6 cores),1039
Intel Xeon W-3223 3.5 GHz (8 cores),1039
Intel Core i5-7600 3.5 GHz (4 cores),1035
Intel Xeon E3-1270 v6 3.8 GHz (4 cores),1034
Intel Core i3-9100F 3.6 GHz (4 cores),1028
Intel Xeon W-2140B 3.2 GHz (8 cores),1027
AMD Ryzen 7 4800U 1.8 GHz (8 cores),1024
AMD Ryzen 7 PRO 4750U 1.7 GHz (8 cores),1023
Intel Core i7-8809G 3.1 GHz (4 cores),1021
Intel Core i7-6900K 3.2 GHz (8 cores),1020
Intel Core i7-5775C 3.3 GHz (4 cores),1016
Intel Core i7-8850H 2.6 GHz (6 cores),1014
Intel Xeon W-3275M 2.5 GHz (28 cores),1013
Intel Core i3-1005G1 1.2 GHz (2 cores),1013
Intel Core i3-6320 3.9 GHz (2 cores),1003
Intel Core i7-7820HK 2.9 GHz (4 cores),1000
AMD Ryzen Threadripper 2970WX 3.0 GHz (24 cores),1000
Intel Xeon E3-1285L v4 3.4 GHz (4 cores),999
AMD Ryzen 5 4600H 3.0 GHz (6 cores),997
Intel Xeon E3-1535M v6 3.1 GHz (4 cores),995
AMD Ryzen Threadripper 1900X 3.8 GHz (8 cores),992
Intel Core i5-8400H 2.5 GHz (4 cores),988
Intel Core i5-4690K 3.5 GHz (4 cores),987
AMD Ryzen 3 2300X 3.5 GHz (4 cores),987
Intel Core i7-8750H 2.2 GHz (6 cores),983
AMD Ryzen Threadripper 1920X 3.5 GHz (12 cores),980
Intel Core i5-8279U 2.4 GHz (4 cores),980
Intel Core i7-4770K 3.5 GHz (4 cores),978
Intel Xeon E3-1271 v3 3.6 GHz (4 cores),978
AMD EPYC 7542 2.9 GHz (32 cores),978
Intel Core i7-1060NG7 1.2 GHz (4 cores),976
AMD Ryzen Threadripper 2990WX 3.0 GHz (32 cores),974
Intel Core i7-4910MQ 2.9 GHz (4 cores),973
Intel Xeon E3-1225 v6 3.3 GHz (4 cores),973
Intel Core i7-6700 3.4 GHz (4 cores),972
AMD Ryzen 7 4700U 2.0 GHz (8 cores),972
AMD Ryzen Threadripper 1950X 3.4 GHz (16 cores),970
Intel Xeon E3-1240 v5 3.5 GHz (4 cores),969
Intel Core i5-8257U 1.4 GHz (4 cores),969
Intel Core i5-10210U 1.6 GHz (4 cores),969
AMD Ryzen 5 2600 3.4 GHz (6 cores),967
Intel Xeon E3-1275 v5 3.6 GHz (4 cores),965
AMD Ryzen 5 2500X 3.6 GHz (4 cores),965
Intel Core i5-6600 3.3 GHz (4 cores),964
Intel Core i7-6850K 3.6 GHz (6 cores),964
Intel Core i3-8100B 3.6 GHz (4 cores),963
Intel Xeon W-2133 3.6 GHz (6 cores),961
Intel Core i5-7500 3.4 GHz (4 cores),959
Intel Core i7-7700T 2.9 GHz (4 cores),959
Intel Core i5-4670K 3.4 GHz (4 cores),955
Intel Core i7-7567U 3.5 GHz (2 cores),953
Intel Core i5-9300H 2.4 GHz (4 cores),952
Intel Xeon E3-1245 v6 3.7 GHz (4 cores),951
Intel Core i5-8259U 2.3 GHz (4 cores),951
Intel Xeon E5-1680 v4 3.4 GHz (8 cores),951
Intel Core i7-5930K 3.5 GHz (6 cores),948
Intel Core i3-8100 3.6 GHz (4 cores),948
Intel Xeon E3-1276 v3 3.6 GHz (4 cores),947
Intel Xeon E3-1246 v3 3.5 GHz (4 cores),944
Intel Core i3-7100 3.9 GHz (2 cores),944
AMD Ryzen 5 1600X 3.6 GHz (6 cores),942
Intel Core i7-8705G 3.1 GHz (4 cores),941
Intel Core i5-8300H 2.3 GHz (4 cores),940
Intel Xeon W-2123 3.6 GHz (4 cores),939
Intel Core i7-4790 3.6 GHz (4 cores),934
Intel Core i7-6800K 3.4 GHz (6 cores),934
Intel Core i7-6820HK 2.7 GHz (4 cores),934
AMD Ryzen 7 1800X 3.6 GHz (8 cores),934
AMD Ryzen 5 3400G 3.7 GHz (4 cores),934
Intel Core i7-5960X 3.0 GHz (8 cores),933
Intel Xeon E3-1241 v3 3.5 GHz (4 cores),933
Intel Core i7-6950X 3.0 GHz (10 cores),932
Intel Core i7-4771 3.5 GHz (4 cores),931
Intel Xeon E3-1225 v5 3.3 GHz (4 cores),931
AMD Ryzen 7 2700 3.2 GHz (8 cores),931
Intel Xeon E3-1275L v3 2.7 GHz (4 cores),930
Intel Xeon E3-1230 v6 3.5 GHz (4 cores),929
Intel Core i7-4940MX 3.1 GHz (4 cores),928
Intel Core i3-6300 3.8 GHz (2 cores),926
Intel Core i7-7820HQ 2.9 GHz (4 cores),923
Intel Core i7-4770R 3.2 GHz (4 cores),920
Intel Core i5-7600T 2.8 GHz (4 cores),920
Intel Core i7-4790T 2.7 GHz (4 cores),918
Intel Core i7-7920HQ 3.1 GHz (4 cores),918
Intel Xeon E3-1245 v5 3.5 GHz (4 cores),915
Intel Core i5-4690 3.5 GHz (4 cores),914
Intel Core i5-6600T 2.7 GHz (4 cores),913
Intel Core i7-4770 3.4 GHz (4 cores),911
Intel Core i7-4790S 3.2 GHz (4 cores),911
Intel Xeon E3-1545M v5 2.9 GHz (4 cores),911
Intel Core i5-7440HQ 2.8 GHz (4 cores),911
Intel Xeon E3-1270 v3 3.5 GHz (4 cores),909
Intel Pentium G4620 3.7 GHz (2 cores),909
AMD Ryzen 7 PRO 1700X 3.4 GHz (8 cores),909
Intel Core i7-6700T 2.8 GHz (4 cores),908
Intel Xeon E5-1650 v4 3.6 GHz (6 cores),908
Intel Xeon E3-1270 v5 3.6 GHz (4 cores),908
Intel Xeon E5-1650 v3 3.5 GHz (6 cores),906
Intel Xeon E3-1230 v5 3.4 GHz (4 cores),905
Intel Core i7-5820K 3.3 GHz (6 cores),904
Intel Xeon E5-1680 v2 3.0 GHz (8 cores),902
Intel Core i7-6920HQ 2.9 GHz (4 cores),902
Intel Core i3-8109U 3.0 GHz (2 cores),902
Intel Xeon E3-1245 v3 3.4 GHz (4 cores),901
Intel Core i5-4690S 3.2 GHz (4 cores),900
AMD Ryzen 5 1500X 3.5 GHz (4 cores),900
Intel Core i5-8500T 2.1 GHz (6 cores),900
AMD Ryzen 3 PRO 1300 3.5 GHz (4 cores),900
Intel Core i7-4930MX 3.0 GHz (4 cores),899
Intel Core i5-6500 3.2 GHz (4 cores),898
Intel Core i5-4670 3.4 GHz (4 cores),897
Intel Xeon E3-1240 v3 3.4 GHz (4 cores),897
AMD Ryzen 5 1600 3.2 GHz (6 cores),896
Intel Pentium Gold G5400 3.7 GHz (2 cores),896
AMD Ryzen 7 1700X 3.4 GHz (8 cores),895
Intel Core i5-4670S 3.1 GHz (4 cores),893
AMD Ryzen 5 PRO 1500 3.5 GHz (4 cores),892
Intel Core i3-6100 3.7 GHz (2 cores),891
Intel Core i7-6700TE 2.4 GHz (4 cores),891
Intel Core i5-7360U 2.3 GHz (2 cores),891
Intel Xeon Processor E5-1680 v3 3.2 GHz (8 cores),891
Intel Core i3-4360 3.7 GHz (2 cores),891
Intel Xeon E3-1230 v3 3.3 GHz (4 cores),888
Intel Core i7-7660U 2.5 GHz (2 cores),888
Intel Xeon Gold 6126 2.6 GHz (12 cores),886
AMD Ryzen 3 1300X 3.5 GHz (4 cores),885
Intel Xeon E5-1660 v4 3.2 GHz (8 cores),884
Intel Core i5-7400 3.0 GHz (4 cores),883
Intel Xeon E3-1226 v3 3.3 GHz (4 cores),883
AMD Ryzen 3 3200G 3.6 GHz (4 cores),882
Intel Xeon E5-2637 v3 3.5 GHz (4 cores),877
Intel Core i7-4960HQ 2.6 GHz (4 cores),876
Intel Core i7-4770S 3.1 GHz (4 cores),875
Intel Xeon E5-1620 v4 3.5 GHz (4 cores),874
Intel Xeon E3-1231 v3 3.4 GHz (4 cores),872
Intel Xeon E3-1505M v5 2.8 GHz (4 cores),872
Intel Xeon E5-1630 v3 3.7 GHz (4 cores),872
Intel Core i5-4590 3.3 GHz (4 cores),870
Intel Core i3-6098P 3.6 GHz (2 cores),870
Intel Core i3-1000NG4 1.1 GHz (2 cores),870
Intel Xeon E3-1285L v3 3.1 GHz (4 cores),864
Intel Core i7-4900MQ 2.8 GHz (4 cores),863
Intel Xeon E5-2696 v3 2.3 GHz (18 cores),863
Intel Xeon E3-1220 v6 3.0 GHz (4 cores),863
Intel Core i7-4870HQ 2.5 GHz (4 cores),858
Intel Core i5-4570 3.2 GHz (4 cores),855
Intel Core i5-7267U 3.1 GHz (2 cores),855
Intel Core i3-7100T 3.4 GHz (2 cores),855
Intel Core i7-7700HQ 2.8 GHz (4 cores),854
Intel Pentium G4500 3.5 GHz (2 cores),854
Intel Core i7-3770K 3.5 GHz (4 cores),853
Intel Core i5-2550K 3.4 GHz (4 cores),853
Intel Xeon E3-1225 v3 3.2 GHz (4 cores),853
Intel Core i5-4590S 3.0 GHz (4 cores),853
AMD Ryzen 7 PRO 1700 3.0 GHz (8 cores),853
Intel Xeon Gold 5218R 2.1 GHz (20 cores),850
Intel Core i5-5575R 2.8 GHz (4 cores),848
Intel Core i7-4960X 3.6 GHz (6 cores),847
Intel Pentium G4600 3.6 GHz (2 cores),847
Intel Core i7-4980HQ 2.8 GHz (4 cores),845
Intel Core i7-4770T 2.5 GHz (4 cores),843
AMD Ryzen 5 2400G 3.6 GHz (4 cores),842
Intel Xeon E3-1265L v3 2.5 GHz (4 cores),841
Intel Core i5-3570K 3.4 GHz (4 cores),840
Intel Core i3-4330 3.5 GHz (2 cores),840
Intel Core i3-8100T 3.1 GHz (4 cores),840
Intel Core i5-7260U 2.2 GHz (2 cores),839
Intel Core i3-4370 3.8 GHz (2 cores),838
AMD Ryzen 7 1700 3.0 GHz (8 cores),838
Intel Core i5-7500T 2.7 GHz (4 cores),838
Intel Core i5-6400 2.7 GHz (4 cores),835
Intel Core i3-4350 3.6 GHz (2 cores),835
Intel Core i4-4690T 2.5 GHz (4 cores),834
Intel Core i5-8400T 1.7 GHz (6 cores),833
Intel Core i7-4810MQ 2.8 GHz (4 cores),832
Intel Core i7-6567U 3.3 GHz (2 cores),832
Intel Pentium G4560 3.5 GHz (2 cores),832
AMD Ryzen 3 2200G 3.5 GHz (4 cores),832
Intel Xeon E5-1620 v3 3.5 GHz (4 cores),830
Intel Xeon E5-1630 v4 3.7 GHz (4 cores),829
Intel Core i7-4850HQ 2.3 GHz (4 cores),827
Intel Xeon E5-2687W v3 3.1 GHz (10 cores),827
Intel Core i5-7300HQ 2.5 GHz (4 cores),826
AMD Ryzen 3 1200 3.1 GHz (4 cores),825
Intel Core i3-4170 3.7 GHz (2 cores),823
Intel Core i5-6440HQ 2.6 GHz (4 cores),823
Intel Core i7-7560U 2.4 GHz (2 cores),823
Intel Pentium G3258 3.2 GHz (2 cores),821
Intel Core i7-5700HQ 2.7 GHz (4 cores),819
Intel Core i7-2600K 3.4 GHz (4 cores),815
Intel Core i5-4570S 2.9 GHz (4 cores),815
Intel Core i7-6820HQ 2.7 GHz (4 cores),814
Intel Xeon E5-2690 v4 2.6 GHz (14 cores),814
Intel Xeon E3-1270 V2 3.5 GHz (4 cores),810
Intel Core i7-6770HQ 2.6 GHz (4 cores),810
Intel Core i7-3960X 3.3 GHz (6 cores),809
AMD Athlon 3000G 3.5 GHz (2 cores),809
AMD Ryzen 7 3750H 2.3 GHz (4 cores),808
Intel Xeon E3-1280 V2 3.6 GHz (4 cores),807
Intel Xeon E5-2699 v4 2.2 GHz (22 cores),807
Intel Core i5-6287U 3.1 GHz (2 cores),806
Intel Core i7-2700K 3.5 GHz (4 cores),805
Intel Xeon E5-1660 v2 3.7 GHz (6 cores),805
Intel Xeon E3-1535M v5 2.9 GHz (4 cores),805
Intel Core i7-3940XM 3.0 GHz (4 cores),803
Intel Core i5-4460 3.2 GHz (4 cores),803
Intel Core i7-3770 3.4 GHz (4 cores),801
Intel Xeon E5-1650 v2 3.5 GHz (6 cores),799
Intel Core i7-4820K 3.7 GHz (4 cores),799
Intel Core i5-2500K 3.3 GHz (4 cores),796
Intel Core i3-4160 3.6 GHz (2 cores),795
Intel Core i5-5675R 3.1 GHz (4 cores),795
Intel Core i7-4720HQ 2.6 GHz (4 cores),791
Intel Core i7-6700HQ 2.6 GHz (4 cores),791
Intel Core i5-8305G 2.8 GHz (4 cores),790
Intel Core i7-8557U 1.7 GHz (4 cores),789
Intel Xeon E3-1220 v5 3.0 GHz (4 cores),788
Intel Pentium G4400 3.3 GHz (2 cores),787
Intel Core i5-4570T 2.9 GHz (2 cores),786
AMD Ryzen 5 1400 3.2 GHz (4 cores),786
Intel Core i7-4770HQ 2.2 GHz (4 cores),784
Intel Core i5-6500T 2.5 GHz (4 cores),784
Intel Xeon E5-2678 v3 2.5 GHz (12 cores),784
Intel Xeon E3-1220 v3 3.1 GHz (4 cores),783
Intel Core i3-6100T 3.2 GHz (2 cores),783
Intel Xeon E5-2660 v3 2.6 GHz (10 cores),781
Intel Xeon E5-2697 v3 2.6 GHz (14 cores),780
Intel Xeon E5-2640 v3 2.6 GHz (8 cores),780
Intel Core i3-8121U 2.2 GHz (2 cores),780
Intel Core i7-3970X 3.5 GHz (6 cores),779
Intel Xeon Silver 4214 2.2 GHz (12 cores),778
Intel Core i3-8130U 2.2 GHz (2 cores),777
Intel Xeon E5-2690 v3 2.6 GHz (12 cores),776
Intel Core i5-3570 3.4 GHz (4 cores),775
Intel Xeon E3-1240 v2 3.4 GHz (4 cores),775
Intel Xeon E5-2696 v4 2.2 GHz (22 cores),775
Intel Core i5-7400T 2.4 GHz (4 cores),775
Intel Core i7-4930K 3.4 GHz (6 cores),774
Intel Core i7-6650U 2.2 GHz (2 cores),773
Intel Xeon E5-2680 v3 2.5 GHz (12 cores),773
Intel Core i3-4150 3.5 GHz (2 cores),770
Intel Core i5-4440 3.1 GHz (4 cores),764
Intel Core i5-4460S 2.9 GHz (4 cores),764
Intel Core i5-8210Y 1.6 GHz (2 cores),764
Intel Core i7-3930K 3.2 GHz (6 cores),763
Intel Core i5-6402P 2.8 GHz (4 cores),763
Intel Xeon E5-2680 v4 2.4 GHz (14 cores),763
Intel Xeon E5-2698 v3 2.3 GHz (16 cores),763
Intel Core i7-4800MQ 2.7 GHz (4 cores),761
Intel Core i7-4710HQ 2.5 GHz (4 cores),761
Intel Xeon E3-1230V2 3.3 GHz (4 cores),760
AMD Ryzen 5 3550H 2.1 GHz (4 cores),760
Intel Core i5-3550 3.3 GHz (4 cores),759
Intel Core i7-3770S 3.1 GHz (4 cores),759
Intel Core i7-4610M 3.0 GHz (2 cores),759
Intel Core i7-4710MQ 2.5 GHz (4 cores),758
Intel Xeon E3-1245 V2 3.4 GHz (4 cores),757
Intel Xeon E5-1620 v2 3.7 GHz (4 cores),757
Intel Core i5-4308U 2.8 GHz (2 cores),757
Intel Core i5-4670T 2.3 GHz (4 cores),756
Intel Core i5-5287U 2.9 GHz (2 cores),755
Intel Core i5-4430 3.0 GHz (4 cores),753
Intel Core i7-5557U 3.1 GHz (2 cores),753
Intel Core i7-4785T 2.2 GHz (4 cores),753
Intel Core i7-4700HQ 2.4 GHz (4 cores),751
Intel Core i7-4558U 2.8 GHz (2 cores),749
Intel Core i7-4712MQ 2.3 GHz (4 cores),749
Intel Xeon E3-1270 3.4 GHz (4 cores),747
Intel Core i5-3570S 3.1 GHz (4 cores),746
Intel Xeon E5-1660 3.3 GHz (6 cores),745
Intel Core i7-4860HQ 2.4 GHz (4 cores),744
Intel Core i7-3840QM 2.8 GHz (4 cores),743
Intel Core i7-4700MQ 2.4 GHz (4 cores),741
Intel Xeon E3-1225 V2 3.2 GHz (4 cores),740
Intel Xeon E5-2667 v2 3.3 GHz (8 cores),739
Intel Xeon E5-2637 v2 3.5 GHz (4 cores),738
Intel Core i7-5650U 2.2 GHz (2 cores),737
AMD Ryzen 5 PRO 3500U 2.1 GHz (4 cores),737
Intel Core i5-6300HQ 2.3 GHz (4 cores),736
Intel Core i7-3820 3.6 GHz (4 cores),735
Intel Core i7-4750HQ 2.0 GHz (4 cores),734
Intel Core i3-4170T 3.2 GHz (2 cores),734
Intel Xeon E5-2670 v3 2.3 GHz (12 cores),733
Intel Xeon E5-2683 v4 2.1 GHz (16 cores),733
Intel Core i5-3470 3.2 GHz (4 cores),732
Intel Core i3-4130 3.4 GHz (2 cores),732
Intel Xeon E5-2687W v2 3.4 GHz (8 cores),732
Intel Xeon E5-2630 v3 2.4 GHz (8 cores),731
Intel Core i7-4702HQ 2.2 GHz (4 cores),730
Intel Core i5-6360U 2.0 GHz (2 cores),730
AMD Ryzen 7 3700U 2.3 GHz (4 cores),730
Intel Core i7-3820QM 2.7 GHz (4 cores),729
AMD Ryzen 7 PRO 3700U 2.3 GHz (4 cores),729
Intel Xeon E5-1620 3.6 GHz (4 cores),728
Intel Xeon E3-1220 v2 3.1 GHz (4 cores),728
AMD Athlon 200GE 3.2 GHz (2 cores),728
Intel Core i7-2600 3.4 GHz (4 cores),727
Intel Xeon E5-1650 3.2 GHz (6 cores),727
Intel Core i7-4600M 2.9 GHz (2 cores),727
Intel Xeon Silver 4112 2.6 GHz (4 cores),727
AMD EPYC 7742 2.2 GHz (64 cores),725
Intel Core i5-4570R 2.7 GHz (4 cores),723
Intel Xeon E5-2667 v3 3.2 GHz (8 cores),723
Intel Core i5-6267U 2.9 GHz (2 cores),722
Intel Xeon E5-2630 v4 2.2 GHz (10 cores),722
Intel Core i5-3475S 2.9 GHz (4 cores),721
Intel Core i5-3450 3.1 GHz (4 cores),720
Intel Core i7-4702MQ 2.2 GHz (4 cores),716
AMD Ryzen 7 PRO 2700U 2.2 GHz (4 cores),716
Intel Core i7-6560U 2.2 GHz (2 cores),714
Intel Core i5-3470S 2.9 GHz (4 cores),712
Intel Core i5-4210M 2.6 GHz (2 cores),711
Intel Xeon E5-2620 v3 2.4 GHz (6 cores),710
Intel Core i5-4340M 2.9 GHz (2 cores),710
Intel Core i7-6660U 2.4 GHz (2 cores),709
AMD Ryzen 5 3500U 2.1 GHz (4 cores),708
AMD Ryzen 5 PRO 2500U 2.0 GHz (4 cores),708
Intel Xeon E3-1280 3.5 GHz (4 cores),707
AMD Ryzen 7 3780U Microsoft Surface Edition 2.3 GHz (4 cores),707
Intel Core i7-3720QM 2.6 GHz (4 cores),706
Intel Core i5-4200H 2.8 GHz (2 cores),705
Intel Xeon E3-1505M v6 3.0 GHz (4 cores),705
Intel Core i5-2500 3.3 GHz (4 cores),704
Intel Core i5-4590T 2.0 GHz (4 cores),704
Intel Core i7-4712HQ 2.3 GHz (4 cores),701
Intel Core i5-3550S 3.0 GHz (4 cores),700
Intel Xeon 2.2 GHz (4 cores),700
Intel Xeon E3-1245 3.3 GHz (4 cores),698
Intel Core i5-5257U 2.7 GHz (2 cores),696
Intel Core i5-4210H 2.9 GHz (2 cores),695
Intel Core i5-4310M 2.7 GHz (2 cores),695
Intel Celeron G4900 3.1 GHz (2 cores),694
Intel Core i7-3770T 2.5 GHz (4 cores),693
Intel Xeon E5-2687W 3.1 GHz (8 cores),693
Intel Core i5-4278U 2.6 GHz (2 cores),692
Intel Core i5-6400T 2.2 GHz (4 cores),692
Intel Xeon E3-1240 3.3 GHz (4 cores),690
Intel Core i5-4300M 2.6 GHz (2 cores),688
Intel Core i7-4578U 3.0 GHz (2 cores),687
Intel Xeon E5-2690 v2 3.0 GHz (10 cores),684
AMD Ryzen 5 2500U 2.0 GHz (4 cores),684
Intel Pentium G3420 3.2 GHz (2 cores),683
Intel Core i5-4288U 2.6 GHz (2 cores),681
Intel Core i5-3340 3.1 GHz (4 cores),681
Intel Core i7-5600U 2.6 GHz (2 cores),679
Intel Core i3-4160T 3.1 GHz (2 cores),678
Intel Xeon E5-2697 v2 2.7 GHz (12 cores),677
Intel Xeon Silver 4110 2.1 GHz (8 cores),676
AMD EPYC 7302P 3.0 GHz (16 cores),674
Intel Core i5-5350U 1.8 GHz (2 cores),673
Intel Xeon E5-2696 v2 2.5 GHz (12 cores),673
Intel Core i5-3450S 2.8 GHz (4 cores),672
Intel Celeron G3900 2.8 GHz (2 cores),671
Intel Pentium G3260 3.3 GHz (2 cores),670
Intel Core i7-2920XM 2.5 GHz (4 cores),669
Intel Core i7-3740QM 2.7 GHz (4 cores),669
AMD Ryzen 5 3580U Microsoft Surface Edition 2.1 GHz (4 cores),669
Intel Core i5-3350P 3.1 GHz (4 cores),668
Intel Xeon E5-2690 2.9 GHz (8 cores),667
Intel Core i3-4150T 3.0 GHz (2 cores),664
Intel Xeon E5-2680 v2 2.8 GHz (10 cores),663
Intel Xeon E5-2667 2.9 GHz (6 cores),663
Intel Core i7-4765T 2.0 GHz (4 cores),663
Intel Celeron G3930 2.9 GHz (2 cores),663
Intel Core i7-990X 3.5 GHz (6 cores),662
Intel Xeon Silver 4114 2.2 GHz (10 cores),662
Intel Pentium G4400T 2.9 GHz (2 cores),662
AMD Ryzen 3 2300U 2.0 GHz (4 cores),661
Intel Xeon E5-2680 2.7 GHz (8 cores),660
Intel Core i5-2400 3.1 GHz (4 cores),659
Intel Core i3-4130T 2.9 GHz (2 cores),659
Intel Core i5-6260U 1.8 GHz (2 cores),659
Intel Xeon E5-2683 v3 2.0 GHz (14 cores),658
Intel Core i5-3335S 2.7 GHz (4 cores),657
Intel Core i5-3330 3.0 GHz (4 cores),656
Intel Core i3-7130U 2.7 GHz (2 cores),656
Intel Pentium G3250 3.2 GHz (2 cores),655
Intel Xeon W3690 3.5 GHz (6 cores),652
Intel Core i7-2860QM 2.5 GHz (4 cores),651
Intel Xeon E5-2620 v4 2.1 GHz (8 cores),650
Intel Core i5-3470T 2.9 GHz (2 cores),649
Intel Xeon E3-1220 3.1 GHz (4 cores),649
Intel Xeon X5677 3.5 GHz (4 cores),649
Intel Core i7-4650U 1.7 GHz (2 cores),648
Intel Xeon E5-1607 v2 3.0 GHz (4 cores),648
Intel Xeon E5-2630L v3 1.8 GHz (8 cores),646
Intel Core i7-3635QM 2.4 GHz (4 cores),645
Intel Core i7-5500U 2.4 GHz (2 cores),645
Intel Core i5-6300U 2.4 GHz (2 cores),645
Intel Core i7-3540M 3.0 GHz (2 cores),644
AMD Ryzen 3 3200U 2.6 GHz (2 cores),643
Intel Core i7-980X 3.3 GHz (6 cores),642
Intel Core i7-4600U 2.1 GHz (2 cores),641
Intel Core i7-4510U 2.0 GHz (2 cores),641
Intel Core i7-3630QM 2.4 GHz (4 cores),640
Intel Xeon E5-2643 3.3 GHz (4 cores),640
Intel Core i5-4200M 2.5 GHz (2 cores),639
AMD Ryzen 7 2700U 2.2 GHz (4 cores),637
Intel Xeon X5690 3.5 GHz (6 cores),636
Intel Xeon E5-2676 v3 2.4 GHz (2 cores),636
Intel Core i7-2600S 2.8 GHz (4 cores),634
Intel Core i7-3615QM 2.3 GHz (4 cores),634
Intel Core i5-3330S 2.7 GHz (4 cores),634
AMD FX-9590 4.7 GHz (8 cores),633
Intel Core i5-2320 3.0 GHz (4 cores),632
Intel Core i5-2405S 2.5 GHz (4 cores),631
Intel Core i7-3520M 2.9 GHz (2 cores),631
Intel Pentium G3240 3.1 GHz (2 cores),630
Intel Core i5-2500S 2.7 GHz (4 cores),629
Intel Core i3-6157U 2.4 GHz (2 cores),628
Intel Core i5-3340S 2.8 GHz (4 cores),627
Intel Xeon E5-2640 v4 2.4 GHz (10 cores),627
Intel Core i5-3380M 2.9 GHz (2 cores),626
Intel Core i7-3610QM 2.3 GHz (4 cores),625
Intel Core i5-3360M 2.8 GHz (2 cores),625
Intel Core i3-3250 3.5 GHz (2 cores),625
Intel Xeon E3-1265L v2 2.5 GHz (4 cores),625
Intel Xeon E5-2650 v3 2.3 GHz (10 cores),624
Intel Xeon E3-1230 3.2 GHz (4 cores),622
Intel Core i5-4460T 1.9 GHz (4 cores),621
Intel Core i3-3240 3.4 GHz (2 cores),620
Intel Xeon W3680 3.3 GHz (6 cores),619
Intel Pentium G2130 3.2 GHz (2 cores),619
AMD EPYC 7551 2.0 GHz (32 cores),619
Intel Xeon W3580 3.3 GHz (4 cores),618
Intel Core i5-4258U 2.4 GHz (2 cores),618
Intel Core i5-2310 2.9 GHz (4 cores),616
Intel Xeon X5680 3.3 GHz (6 cores),616
Intel Core i7-975 3.3 GHz (4 cores),614
Intel Core i5-8365U 1.6 GHz (4 cores),614
Intel Core i3-3225 3.3 GHz (2 cores),613
Intel Core i7-2760QM 2.4 GHz (4 cores),612
Intel Pentium G3220 3.0 GHz (2 cores),611
AMD Ryzen 3 2200U 2.5 GHz (2 cores),610
Intel Xeon E5-2623 v4 2.6 GHz (4 cores),609
Intel Core i7-4500U 1.8 GHz (2 cores),608
Intel Core i5-5300U 2.3 GHz (2 cores),607
Intel Core i5-2300 2.8 GHz (4 cores),605
Intel Core i7-2820QM 2.3 GHz (4 cores),605
Intel Core i7-3632QM 2.2 GHz (4 cores),604
Intel Core i3-3245 3.4 GHz (2 cores),604
Intel Core i7-2640M 2.8 GHz (2 cores),603
Intel Xeon E5-2670 2.6 GHz (8 cores),603
Intel Xeon E5-1607 3.0 GHz (4 cores),603
Intel Core i5-2390T 2.7 GHz (2 cores),603
Intel Xeon E5-2650 v2 2.6 GHz (8 cores),602
Intel Core i3-3220 3.3 GHz (2 cores),598
Intel Xeon E3-1225 3.1 GHz (4 cores),598
Intel Core i3-2125 3.3 GHz (2 cores),597
Intel Xeon W3670 3.2 GHz (6 cores),597
Intel Core i7-3612QM 2.1 GHz (4 cores),596
Intel Core i5-2400S 2.5 GHz (4 cores),595
AMD FX-4330 4.0 GHz (2 cores),588
Intel Core i5-3320M 2.6 GHz (2 cores),587
Intel Core i3-2130 3.4 GHz (2 cores),586
Intel Core i5-4300U 1.9 GHz (2 cores),586
Intel Xeon E5-2630 v2 2.6 GHz (6 cores),586
Intel Core i3-3210 3.2 GHz (2 cores),585
Intel Core i7-3687U 2.1 GHz (2 cores),585
Intel Xeon E5-2695 v2 2.4 GHz (12 cores),585
AMD FX-9370 4.4 GHz (8 cores),584
Intel Core M-5Y70 1.1 GHz (2 cores),584
Intel Core i3-4100M 2.5 GHz (2 cores),583
Intel Core i7-875K 2.9 GHz (4 cores),581
Intel Core i5-3340M 2.7 GHz (2 cores),581
Intel Core i5-5250U 1.6 GHz (2 cores),581
Intel Core i7-965 3.2 GHz (4 cores),577
Intel Core i5-4310U 2.0 GHz (2 cores),576
Intel Core i3-7100U 2.4 GHz (2 cores),576
Intel Xeon E5-2665 2.4 GHz (8 cores),575
Intel Celeron G1840 2.8 GHz (2 cores),575
Intel Xeon E5-2470 v2 2.4 GHz (10 cores),575
Intel Core i7-2620M 2.7 GHz (2 cores),574
Intel Core i7-970 3.2 GHz (6 cores),573
Intel Core i5-3230M 2.6 GHz (2 cores),573
Intel Xeon E5-2430 v2 2.5 GHz (6 cores),573
Intel Xeon E5-1603 2.8 GHz (4 cores),572
Intel Xeon E3-1275 v2 3.5 GHz (4 cores),572
Intel Xeon X5675 3.1 GHz (6 cores),570
Intel Pentium G2120 3.1 GHz (2 cores),567
Intel Xeon E5-2640 2.5 GHz (6 cores),567
Intel Core i5-5200U 2.2 GHz (2 cores),567
Intel Core i3-6100U 2.3 GHz (2 cores),567
Intel Core i7-3667U 2.0 GHz (2 cores),566
AMD FX-8350 4.0 GHz (8 cores),565
Intel Core i3-2120 3.3 GHz (2 cores),563
Intel Xeon X5670 2.9 GHz (6 cores),559
AMD FX-8370 4.0 GHz (8 cores),558
Intel Pentium G2030 3.0 GHz (2 cores),557
Intel Core i5-2540M 2.6 GHz (2 cores),556
Intel Core i7-3537U 2.0 GHz (2 cores),556
Intel Core i5-3210M 2.5 GHz (2 cores),555
Intel Xeon E5-2670 v2 2.5 GHz (10 cores),554
Intel Xeon W5580 3.2 GHz (4 cores),551
Intel Core i5-4210U 1.7 GHz (2 cores),551
Intel Core i7-960 3.2 GHz (4 cores),550
AMD FX - 4320 4.0 GHz (2 cores),548
Intel Core i7-870 2.9 GHz (4 cores),547
Intel Core i7-2720QM 2.2 GHz (4 cores),545
Intel Core i7-2670QM 2.2 GHz (4 cores),545
AMD A10-6800K 4.1 GHz (4 cores),545
Intel Pentium G2020 2.9 GHz (2 cores),545
Intel Core i3-3240T 2.9 GHz (2 cores),545
Intel Core i3-7020U 2.3 GHz (2 cores),545
Intel Pentium G3220T 2.6 GHz (2 cores),544
Intel Core i5-4260U 1.4 GHz (2 cores),544
Intel Xeon X5570 2.9 GHz (4 cores),541
AMD FX-6350 3.9 GHz (6 cores),539
AMD FX-4350 4.2 GHz (4 cores),539
Intel Core i3-2105 3.1 GHz (2 cores),536
Intel Xeon W3565 3.2 GHz (4 cores),536
AMD FX-4170 4.2 GHz (2 cores),536
Intel Core i3-2100 3.1 GHz (2 cores),535
Intel Xeon X5660 2.8 GHz (6 cores),535
AMD A10-7870K 3.9 GHz (2 cores),535
Intel Pentium G840 2.8 GHz (2 cores),534
Intel Core i5-655K 3.2 GHz (2 cores),532
Intel Xeon W3540 2.9 GHz (4 cores),531
Intel Celeron G1840T 2.5 GHz (2 cores),531
AMD Athlon X4 870K 3.9 GHz (2 cores),530
Intel Core i7-950 3.1 GHz (4 cores),528
Intel Core i5-4200U 1.6 GHz (2 cores),528
AMD A10-6790K 4.0 GHz (4 cores),527
Intel Pentium G870 3.1 GHz (2 cores),527
Intel Core i7-2630QM 2.0 GHz (4 cores),526
Intel Pentium G850 2.9 GHz (2 cores),526
AMD FX-6120 3.5 GHz (3 cores),526
AMD FX-8300 3.3 GHz (8 cores),526
Intel Xeon W3550 3.1 GHz (4 cores),525
Intel Core i5-4250U 1.3 GHz (2 cores),525
AMD FX-8320 3.5 GHz (8 cores),524
Intel Core i5-2520M 2.5 GHz (2 cores),523
Intel Core i7-940 2.9 GHz (4 cores),522
AMD FX-8150 3.6 GHz (8 cores),521
Intel Core i5-2450M 2.5 GHz (2 cores),521
AMD Athlon X4 845 3.5 GHz (2 cores),521
Intel Xeon E5-2420 v2 2.2 GHz (6 cores),520
Intel Core i3-4000M 2.4 GHz (2 cores),519
AMD Athlon X4 860K 3.7 GHz (4 cores),519
Intel Pentium G3240T 2.7 GHz (2 cores),519
Intel Pentium G860 3.0 GHz (2 cores),517
AMD FX-6300 3.5 GHz (6 cores),516
Intel Celeron G1820 2.7 GHz (2 cores),516
Intel Core i7-860 2.8 GHz (4 cores),515
AMD A10-5800K 3.8 GHz (2 cores),515
Intel Xeon E5-2660 v2 2.2 GHz (10 cores),515
Intel Core i7-2635QM 2.0 GHz (4 cores),514
Intel Pentium 4415U 2.3 GHz (2 cores),514
Intel Core i5-6200U 2.3 GHz (2 cores),514
Intel Core i5-2435M 2.4 GHz (2 cores),513
Intel Core i7-3517U 1.9 GHz (2 cores),513
Intel Pentium G2010 2.8 GHz (2 cores),513
AMD A10-7850K 3.7 GHz (4 cores),513
AMD A10 PRO-7800B 3.5 GHz (4 cores),512
Intel Core i5-650 3.2 GHz (2 cores),511
Intel Core i5-660 3.3 GHz (2 cores),511
AMD Athlon X4 950 3.5 GHz (4 cores),511
AMD FX-8310 3.4 GHz (4 cores),511
Intel Core i5-760 2.8 GHz (4 cores),510
Intel Core i5-661 3.3 GHz (2 cores),508
AMD FX-4300 3.8 GHz (4 cores),508
Intel Xeon E5-2660 2.2 GHz (8 cores),508
AMD A10-6700 3.7 GHz (4 cores),507
Intel Xeon W3530 2.8 GHz (4 cores),506
AMD A8-6600K 3.9 GHz (4 cores),506
AMD Phenom II X4 980 3.7 GHz (4 cores),505
Intel Core i5-2430M 2.4 GHz (2 cores),505
Intel Pentium Gold 4417U 2.3 GHz (2 cores),505
Intel Xeon X5650 2.7 GHz (6 cores),504
AMD A10-9700 3.5 GHz (4 cores),504
AMD A10-7860K 3.6 GHz (4 cores),504
Intel Pentium G645 2.9 GHz (2 cores),503
AMD A4-7300 3.8 GHz (2 cores),503
AMD Athlon X4 840 3.1 GHz (4 cores),502
AMD FX-8320E 3.2 GHz (8 cores),501
Intel Core i5-3427U 1.8 GHz (2 cores),499
Intel Core i3-5020U 2.2 GHz (2 cores),499
Intel Core i3-3220T 2.8 GHz (2 cores),498
AMD FX-6200 3.8 GHz (3 cores),496
Intel Core i5-750 2.7 GHz (4 cores),495
Intel Core M-5Y51 1.1 GHz (2 cores),495
AMD A12-9800 3.8 GHz (4 cores),495
AMD Athlon X4 750K 3.4 GHz (4 cores),494
Intel Core i3-5157U 2.5 GHz (2 cores),494
AMD A8-6500B 3.5 GHz (4 cores),494
Intel Pentium G2030T 2.6 GHz (2 cores),494
AMD A8 PRO-7600B 3.1 GHz (4 cores),493
Intel Core i5-2410M 2.3 GHz (2 cores),492
Intel Core i5-680 3.6 GHz (2 cores),492
Intel Celeron G1620 2.7 GHz (2 cores),492
Intel Xeon E5-2609 2.4 GHz (4 cores),491
Intel Xeon E5-2620 v2 2.1 GHz (6 cores),491
AMD A10-7800 3.5 GHz (4 cores),491
Intel Xeon E5-2630L 2.0 GHz (6 cores),490
AMD FX - 770K 3.5 GHz (2 cores),490
Intel Core i7-930 2.8 GHz (4 cores),488
Intel Xeon E5-2650 2.0 GHz (8 cores),488
AMD A8-7650K 3.3 GHz (4 cores),488
Intel Core i3-6006U 2.0 GHz (2 cores),487
AMD PRO A10-8770E 2.8 GHz (4 cores),487
Intel Core i3-560 3.3 GHz (2 cores),486
AMD A8-5600K 3.6 GHz (4 cores),485
Intel Pentium 2030M 2.5 GHz (2 cores),484
Intel Celeron G1610 2.6 GHz (2 cores),483
AMD A10-5800B 3.8 GHz (4 cores),482
AMD A8-6500 3.5 GHz (4 cores),482
Intel Core i7-920 2.7 GHz (4 cores),481
Intel Xeon W3520 2.7 GHz (4 cores),481
Intel Core i5-3337U 1.8 GHz (2 cores),480
Intel Xeon E3-1260L 2.4 GHz (4 cores),479
Intel Xeon E5-2630 2.3 GHz (6 cores),477
Intel Core i7-2637M 1.7 GHz (2 cores),477
Intel Celeron 3955U 2.0 GHz (2 cores),477
AMD PRO A6-9500 3.5 GHz (2 cores),477
AMD FX-9830P 3.0 GHz (4 cores),476
Intel Xeon X3450 2.7 GHz (4 cores),474
Intel Core i3-550 3.2 GHz (2 cores),473
Intel Core i3-2120T 2.6 GHz (2 cores),473
Intel Core i7-2675QM 2.2 GHz (4 cores),473
Intel Xeon X5550 2.7 GHz (4 cores),473
Intel Core i3-5015U 2.1 GHz (2 cores),473
Intel Core i7-620M 2.7 GHz (2 cores),472
Intel Core i7-2677M 1.8 GHz (2 cores),472
Intel Xeon E5645 2.4 GHz (6 cores),471
Intel Pentium G630 2.7 GHz (2 cores),471
AMD FX-4100 3.6 GHz (4 cores),470
AMD FX-8120 3.1 GHz (8 cores),470
Intel Xeon E5630 2.5 GHz (4 cores),470
Intel Core i5-580M 2.7 GHz (2 cores),468
Intel Xeon E5649 2.5 GHz (6 cores),468
AMD A6-5400K 3.6 GHz (2 cores),468
Intel Core M-5Y10 800 MHz (2 cores),467
Intel Core i5-3437U 1.9 GHz (2 cores),466
AMD Athlon X4 760K 3.8 GHz (4 cores),466
AMD A8-9600 3.1 GHz (4 cores),466
Intel Core i7-640M 2.8 GHz (2 cores),465
AMD FX-4130 3.8 GHz (4 cores),465
Intel Core i5-2415M 2.3 GHz (2 cores),464
Intel Xeon E5-2620 2.0 GHz (6 cores),464
Intel Core M-5Y10c 800 MHz (2 cores),463
AMD A8-5500B 3.2 GHz (4 cores),461
AMD FX-6100 3.3 GHz (6 cores),460
Intel Pentium 4405U 2.1 GHz (2 cores),460
Intel Xeon E5-2609 v4 1.7 GHz (8 cores),460
Intel Celeron G550 2.6 GHz (2 cores),459
AMD PRO A10-9700E 3.0 GHz (4 cores),458
Intel Core i5-3317U 1.7 GHz (2 cores),457
AMD A10-5700 3.4 GHz (4 cores),456
Intel Pentium G640 2.8 GHz (2 cores),456
AMD A10-8750 3.6 GHz (4 cores),456
Intel Core 2 Duo T9900 3.1 GHz (2 cores),455
Intel Xeon X5560 2.8 GHz (4 cores),454
AMD A8-7600 3.1 GHz (4 cores),454
Intel Xeon E5-2420 1.9 GHz (6 cores),452
Intel Pentium G620 2.6 GHz (2 cores),451
Intel Core i3-3120M 2.5 GHz (2 cores),451
AMD A6-9500 3.5 GHz (2 cores),451
AMD PRO A8-8650B 3.2 GHz (4 cores),451
Intel Pentium G645T 2.5 GHz (2 cores),450
Intel Core i5-560M 2.7 GHz (2 cores),449
Intel Xeon X3440 2.5 GHz (4 cores),449
Intel Core i3-5005U 2.0 GHz (2 cores),449
Intel Core i3-5010U 2.1 GHz (2 cores),449
Intel Core 2 Duo E8500 3.2 GHz (2 cores),448
Intel Core 2 Duo E8600 3.3 GHz (2 cores),447
AMD A8-5557M 2.1 GHz (4 cores),447
Intel Core 2 Extreme X9650 3.0 GHz (4 cores),446
Intel Core i3-540 3.1 GHz (2 cores),446
AMD A6-6400K 3.9 GHz (2 cores),446
Intel Pentium Silver J5005 1.5 GHz (4 cores),446
AMD Phenom II X6 1090T Black Edition 3.2 GHz (6 cores),445
Intel Xeon L5640 2.3 GHz (6 cores),445
Intel Core i5-4300Y 1.6 GHz (2 cores),445
Intel Xeon X3370 3.0 GHz (4 cores),445
AMD Phenom II X4 965 Black Edition 3.4 GHz (4 cores),444
Intel Pentium 2020M 2.4 GHz (2 cores),443
AMD A6-7400K 3.5 GHz (1 core),442
Intel Xeon X5460 3.2 GHz (4 cores),440
Intel Xeon E5472 3.0 GHz (4 cores),439
Intel Xeon E5450 3.0 GHz (4 cores),439
Intel Xeon E5620 2.4 GHz (4 cores),437
AMD A6-5400B 3.6 GHz (2 cores),437
AMD PRO A12-8830B 2.5 GHz (4 cores),437
Intel Xeon X5482 3.2 GHz (4 cores),432
Intel Celeron G530 2.4 GHz (2 cores),431
AMD A4-6300 3.7 GHz (2 cores),431
Intel Celeron 3865U 1.8 GHz (2 cores),431
Intel Core 2 Quad Q9650 3.0 GHz (4 cores),430
AMD A8-5500 3.2 GHz (4 cores),430
Intel Core i3-3110M 2.4 GHz (2 cores),428
Intel Pentium Silver N5000 1.1 GHz (4 cores),427
AMD Phenom II X2 565 Black Edition 3.4 GHz (2 cores),425
AMD Phenom II X4 B97 3.2 GHz (4 cores),425
Intel Xeon X3430 2.4 GHz (4 cores),424
Intel Core i3-4030U 1.9 GHz (2 cores),424
Intel Xeon X5450 3.0 GHz (4 cores),423
Intel Core 2 Duo T9800 2.9 GHz (2 cores),421
AMD A10-9630P 2.6 GHz (4 cores),421
Intel Xeon E5-2640 v2 2.0 GHz (8 cores),418
AMD Athlon X4 740 3.2 GHz (4 cores),418
Intel Celeron J4005 2.0 GHz (2 cores),418
AMD Phenom II X4 960T 3.0 GHz (4 cores),417
Intel Xeon E5440 2.8 GHz (4 cores),417
Intel Core i5-4210Y 1.5 GHz (2 cores),417
Intel Pentium B980 2.4 GHz (2 cores),416
AMD FX-7600P 2.7 GHz (4 cores),416
Intel Core 2 Quad Q9550 2.8 GHz (4 cores),415
Intel Core i3-530 2.9 GHz (2 cores),415
Intel Xeon E5520 2.3 GHz (4 cores),415
AMD Phenom II X4 955 Black Edition 3.2 GHz (4 cores),414
Intel Pentium G6950 2.8 GHz (2 cores),414
Intel Core 2 Extreme Q6850 3.0 GHz (4 cores),413
AMD Phenom II X2 560 Black Edition 3.3 GHz (2 cores),412
Intel Xeon X3360 2.8 GHz (4 cores),412
Intel Core 2 Duo E8400 3.0 GHz (2 cores),411
AMD A4-5300 3.4 GHz (2 cores),411
Intel Core i5-540M 2.5 GHz (2 cores),410
Intel Core 2 Duo E8300 2.8 GHz (2 cores),408
Intel Core i7-840QM 1.9 GHz (4 cores),408
Intel Pentium B970 2.3 GHz (2 cores),408
Intel Core i5-480M 2.7 GHz (2 cores),406
Intel Core i3-2370M 2.4 GHz (2 cores),406
Intel Pentium 3805U 1.9 GHz (2 cores),405
AMD A12-9730P 2.8 GHz (4 cores),404
AMD A4-4000 3.0 GHz (2 cores),403
AMD A12-9720P 2.7 GHz (4 cores),402
Intel Core 2 Duo E7600 3.1 GHz (2 cores),401
AMD Athlon II X3 450 3.2 GHz (3 cores),401
Intel Core i5-3339Y 1.5 GHz (2 cores),400
Intel Xeon E5-2407 2.2 GHz (4 cores),400
AMD FX-8800P 2.1 GHz (4 cores),400
AMD Athlon II X3 460 3.4 GHz (3 cores),400
Intel Core 2 Quad Q9500 2.8 GHz (4 cores),398
Intel Core i5-520M 2.4 GHz (2 cores),398
Intel Core i7-920XM 2.0 GHz (4 cores),397
AMD A8-3870 3.0 GHz (4 cores),395
Intel Pentium 3825U 1.9 GHz (2 cores),395
Intel Core 2 Duo T9500 2.6 GHz (2 cores),395
Intel Core 2 Quad Q9450 2.7 GHz (4 cores),394
Intel Xeon E5462 2.8 GHz (4 cores),393
AMD Phenom II X4 945 3.0 GHz (4 cores),392
Intel Core 2 Duo T9600 2.8 GHz (2 cores),392
Intel Core i5-4202Y 1.6 GHz (2 cores),392
AMD Athlon II X2 270 3.4 GHz (2 cores),391
Intel Celeron N4000 1.1 GHz (2 cores),391
Intel Core 2 Duo E8200 2.7 GHz (2 cores),390
Intel Core i3-4025U 1.9 GHz (2 cores),390
AMD Phenom II X4 B95 3.0 GHz (4 cores),388
Intel Core i7-820QM 1.7 GHz (4 cores),387
AMD A8-3850 2.9 GHz (4 cores),387
AMD Phenom II X4 940 Black Edition 3.0 GHz (4 cores),386
AMD Athlon II X3 455 3.3 GHz (3 cores),386
AMD A10-5750M 2.5 GHz (4 cores),386
Intel Celeron J4105 1.5 GHz (4 cores),386
AMD Phenom II X2 550 Black Edition 3.1 GHz (2 cores),385
AMD Phenom II X4 840 3.2 GHz (4 cores),385
Intel Core i7-740QM 1.7 GHz (4 cores),385
AMD A10-9620P 2.5 GHz (4 cores),385
Intel Core i5-450M 2.4 GHz (2 cores),384
Intel Core i5-460M 2.5 GHz (2 cores),384
Intel Core i3-2350M 2.3 GHz (2 cores),384
Intel Core 2 Quad Q9505 2.8 GHz (4 cores),382
AMD Phenom II X2 B55 3.0 GHz (2 cores),382
Intel Core 2 Duo E7500 2.9 GHz (2 cores),380
Intel Celeron N4100 1.1 GHz (4 cores),380
AMD Phenom II X4 820 2.8 GHz (4 cores),380
AMD Phenom II X2 555 Black Edition 3.2 GHz (2 cores),379
AMD Phenom II X4 925 2.8 GHz (4 cores),379
Intel Celeron G540 2.5 GHz (2 cores),379
Intel Xeon E5430 2.7 GHz (4 cores),378
AMD A10-7400P 2.5 GHz (4 cores),377
Intel Core 2 Quad Q9400 2.7 GHz (4 cores),376
Intel Pentium E6700 3.2 GHz (2 cores),376
AMD Phenom II X3 720 2.8 GHz (3 cores),375
Intel Core i3-4010U 1.7 GHz (2 cores),375
AMD Athlon II X4 641 2.8 GHz (4 cores),375
AMD A10-5757M 2.5 GHz (4 cores),374
AMD FX-9800P 2.7 GHz (4 cores),374
Intel Core i3-2330M 2.2 GHz (2 cores),373
Intel Pentium E6600 3.1 GHz (2 cores),372
AMD Athlon II X4 645 3.1 GHz (4 cores),372
Intel Xeon E5420 2.5 GHz (4 cores),372
Intel Pentium B960 2.2 GHz (2 cores),372
Intel Celeron 3215U 1.7 GHz (2 cores),372
Intel Core 2 Duo E8135 2.7 GHz (2 cores),371
Intel Core i7-640LM 2.1 GHz (2 cores),371
AMD Athlon II X3 445 3.1 GHz (3 cores),371
AMD Athlon II X4 640 3.0 GHz (4 cores),371
Intel Core i3-4005U 1.7 GHz (2 cores),371
Intel Core i3-2348M 2.3 GHz (2 cores),370
Intel Core i5-2467M 1.6 GHz (2 cores),369
AMD A4-5300B 3.4 GHz (2 cores),369
Intel Core 2 Duo E6850 3.0 GHz (2 cores),368
Intel Core 2 Quad Q6700 2.7 GHz (4 cores),368
AMD Athlon II X2 245 2.9 GHz (2 cores),368
AMD PRO A10-8700B 1.8 GHz (4 cores),365
AMD Athlon II X2 250 3.0 GHz (2 cores),364
AMD Phenom II X4 830 2.8 GHz (4 cores),364
Intel Xeon L5420 2.5 GHz (4 cores),364
AMD A10-4600M 2.3 GHz (4 cores),363
Intel Core 2 Duo T9550 2.7 GHz (2 cores),362
Intel Pentium E5800 3.2 GHz (2 cores),362
AMD Athlon II X2 260 3.2 GHz (2 cores),362
Intel Core i3-2328M 2.2 GHz (2 cores),362
Intel Pentium 4415Y 1.6 GHz (2 cores),361
Intel Pentium E6500 2.9 GHz (2 cores),360
Intel Pentium B950 2.1 GHz (2 cores),360
Intel Core 2 Quad Q8400 2.7 GHz (4 cores),359
AMD Athlon II X2 240 2.8 GHz (2 cores),359
Intel Pentium 3556U 1.7 GHz (2 cores),359
Intel Core 2 Duo E6750 2.7 GHz (2 cores),358
AMD Athlon II X4 635 2.9 GHz (4 cores),358
Intel Core i5-2557M 1.7 GHz (2 cores),358
Intel Celeron 3965Y 1.5 GHz (2 cores),358
Intel Core i5-430M 2.3 GHz (2 cores),357
AMD A6 PRO-7400B 3.5 GHz (2 cores),355
Intel Core 2 Duo E7300 2.7 GHz (2 cores),354
Intel Core i3-2310M 2.1 GHz (2 cores),354
Intel Core i7-720QM 1.6 GHz (4 cores),354
Intel Celeron 3855U 1.6 GHz (2 cores),354
Intel Core i3-380M 2.5 GHz (2 cores),353
Intel Core 2 Duo T9400 2.5 GHz (2 cores),352
AMD A6-3650 2.6 GHz (4 cores),352
AMD Athlon II X3 440 3.0 GHz (3 cores),351
Intel Pentium 2127U 1.9 GHz (2 cores),351
AMD A10-9600P 2.4 GHz (4 cores),351
AMD A6-9210 1.4 GHz (2 cores),351
Intel Core 2 Quad Q9300 2.5 GHz (4 cores),350
Intel Core 2 Duo E7400 2.8 GHz (2 cores),348
Intel Celeron 1000M 1.8 GHz (2 cores),347
AMD A8-5550M 2.1 GHz (4 cores),346
Intel Core i3-3227U 1.9 GHz (2 cores),346
Intel Pentium B940 2.0 GHz (2 cores),345
AMD PRO A12-9800B 2.7 GHz (4 cores),345
Intel Celeron 1005M 1.9 GHz (2 cores),343
AMD A8-3820 2.5 GHz (4 cores),343
Intel Xeon E5410 2.3 GHz (4 cores),343
AMD Athlon II X4 630 2.8 GHz (4 cores),342
AMD Phenom II X4 B35 2.9 GHz (4 cores),342
Intel Pentium E5700 3.0 GHz (2 cores),341
AMD Athlon II X2 255 3.1 GHz (2 cores),341
AMD Phenom II X4 905e 2.5 GHz (4 cores),340
Intel Core i3-370M 2.4 GHz (2 cores),339
Intel Pentium 2117U 1.8 GHz (2 cores),339
AMD A10-8700P 1.8 GHz (4 cores),339
AMD Athlon II X2 220 2.8 GHz (2 cores),338
AMD A4-4300M 2.5 GHz (2 cores),337
AMD Athlon II X3 425 2.7 GHz (3 cores),336
AMD FX-7500 2.1 GHz (4 cores),336
Intel Core 2 Duo T9300 2.5 GHz (2 cores),335
AMD A6-5350M 2.9 GHz (2 cores),335
Intel Core 2 Quad Q8300 2.5 GHz (4 cores),333
Intel Core 2 Quad Q6600 2.4 GHz (4 cores),332
Intel Pentium E5500 2.8 GHz (2 cores),332
Intel Celeron 3205U 1.5 GHz (2 cores),332
Intel Core i3-350M 2.3 GHz (2 cores),331
AMD A4-3420 2.8 GHz (2 cores),331
Intel Core 2 Duo P9700 2.8 GHz (2 cores),330
AMD A8-3800 2.4 GHz (4 cores),330
AMD A6-4400M 2.7 GHz (2 cores),329
AMD PRO A10-8730B 2.4 GHz (4 cores),329
Intel Core i3-390M 2.7 GHz (2 cores),328
AMD Athlon II X4 620 2.6 GHz (4 cores),328
Intel Core i3-3217U 1.8 GHz (2 cores),328
Intel Core 2 Duo P8700 2.5 GHz (2 cores),326
Intel Pentium J4205 1.5 GHz (4 cores),325
Intel Pentium E5400 2.7 GHz (2 cores),323
AMD Athlon II X4 631 2.6 GHz (4 cores),323
Intel Core i5-2537M 1.4 GHz (2 cores),321
AMD Athlon II X2 215 2.7 GHz (2 cores),319
AMD A4-3400 2.7 GHz (2 cores),318
AMD Phenom II X3 710 2.6 GHz (3 cores),317
Intel Celeron 1037U 1.8 GHz (2 cores),317
Intel Core 2 Quad Q8200 2.3 GHz (4 cores),316
Intel Core 2 Duo E6600 2.4 GHz (2 cores),315
Intel Core 2 Duo E7200 2.5 GHz (2 cores),315
Intel Core i3-4020Y 1.5 GHz (2 cores),314
Intel Core 2 Duo E6550 2.3 GHz (2 cores),313
Intel Core 2 Duo P8600 2.4 GHz (2 cores),312
Intel Core 2 Duo T8300 2.4 GHz (2 cores),311
AMD A10-7300 1.9 GHz (4 cores),311
AMD PRO A8-8600B 1.6 GHz (4 cores),311
AMD A6-3600 2.1 GHz (4 cores),310
Intel Core 2 Duo P8400 2.3 GHz (2 cores),309
Intel Pentium N4200 1.1 GHz (4 cores),309
AMD Sempron 145 2.8 GHz (1 core),308
AMD A4-3330MX 2.2 GHz (2 cores),308
Intel Pentium P6200 2.1 GHz (2 cores),307
Intel Celeron E3400 2.6 GHz (2 cores),306
Intel Xeon E5504 2.0 GHz (4 cores),305
AMD A6-3620 2.2 GHz (4 cores),305
AMD A10-5745M 2.1 GHz (4 cores),305
AMD Phenom X4 9850 2.5 GHz (4 cores),304
Intel Core 2 Duo E6700 2.7 GHz (2 cores),304
Intel Pentium E5200 2.5 GHz (2 cores),304
AMD A8-7100 1.8 GHz (4 cores),304
AMD A8-4500M 1.9 GHz (4 cores),303
AMD A10 PRO-7350B 2.1 GHz (4 cores),302
Intel Pentium E5300 2.6 GHz (2 cores),301
AMD Phenom X3 8600B 2.3 GHz (3 cores),301
Intel Celeron B830 1.8 GHz (2 cores),299
Intel Core 2 Duo E6420 2.1 GHz (2 cores),298
Intel Core i3-330M 2.1 GHz (2 cores),298
AMD A8-5545M 1.7 GHz (4 cores),298
Intel Core 2 Duo T7700 2.4 GHz (2 cores),297
Intel Celeron J3455 1.5 GHz (4 cores),295
Intel Celeron 1017U 1.6 GHz (2 cores),294
Intel Celeron J3355 2.0 GHz (2 cores),292
AMD A8-3530MX 1.9 GHz (4 cores),292
AMD A10-4655M 2.0 GHz (4 cores),291
AMD A8-3520M 1.6 GHz (4 cores),289
Intel Celeron N3350 1.1 GHz (2 cores),289
Intel Core 2 Duo T6670 2.2 GHz (2 cores),287
Intel Core 2 Duo E4600 2.4 GHz (2 cores),286
Intel Core 2 Duo T7500 2.2 GHz (2 cores),285
Intel Pentium P6000 1.9 GHz (2 cores),285
AMD Turion II P540 2.4 GHz (2 cores),285
AMD A6-3500 2.1 GHz (3 cores),284
Intel Celeron B820 1.7 GHz (2 cores),284
AMD Athlon 64 X2 6000+ 3.0 GHz (2 cores),282
AMD Phenom X4 9750 2.4 GHz (4 cores),281
Intel Celeron 2955U 1.4 GHz (2 cores),281
AMD Phenom II N870 2.3 GHz (3 cores),281
Intel Core 2 Duo T5850 2.2 GHz (2 cores),280
Intel Celeron B815 1.6 GHz (2 cores),280
Intel Core 2 Duo T6500 2.1 GHz (2 cores),279
AMD Sempron 140 2.7 GHz (1 core),279
Intel Core 2 Duo P7350 2.0 GHz (2 cores),279
AMD Phenom II X4 N950 2.1 GHz (4 cores),279
Intel Celeron 1007U 1.5 GHz (2 cores),278
Intel Core 2 Duo T7300 2.0 GHz (2 cores),277
Intel Pentium P6100 2.0 GHz (2 cores),277
AMD A4-3300 2.5 GHz (2 cores),277
Intel Celeron B800 1.5 GHz (2 cores),277
Intel Celeron N3450 1.1 GHz (4 cores),277
Intel Core 2 Duo T8100 2.1 GHz (2 cores),276
Intel Pentium T4400 2.2 GHz (2 cores),276
Intel Core i3-2377M 1.5 GHz (2 cores),276
Intel Core 2 Duo P7450 2.1 GHz (2 cores),275
AMD A4-3305M 1.9 GHz (2 cores),275
AMD A8 PRO-7150B 1.9 GHz (4 cores),273
AMD Phenom X4 9550 2.2 GHz (4 cores),272
Intel Core 2 Duo L9400 1.9 GHz (2 cores),271
Intel Core 2 Duo T6600 2.2 GHz (2 cores),271
Intel Pentium E2220 2.4 GHz (2 cores),271
Intel Celeron 900 2.2 GHz (1 core),269
Intel Xeon E5606 2.1 GHz (4 cores),269
Intel Core 2 Duo E6400 2.1 GHz (2 cores),268
AMD A8-7410 2.2 GHz (4 cores),263
Intel Core 2 Duo T6570 2.1 GHz (2 cores),261
Intel Atom x7-E3950 1.6 GHz (4 cores),261
Intel Pentium T4500 2.3 GHz (2 cores),260
AMD Athlon II P360 2.3 GHz (2 cores),258
Intel Core 2 Duo T6400 2.0 GHz (2 cores),257
Intel Core 2 Duo T5870 2.0 GHz (2 cores),256
Intel Core 2 Duo T7250 2.0 GHz (2 cores),255
AMD A6-3420M 1.5 GHz (4 cores),255
Intel Pentium T4200 2.0 GHz (2 cores),254
Intel Celeron T3500 2.1 GHz (2 cores),253
Intel Pentium T4300 2.1 GHz (2 cores),253
AMD A6-3410MX 1.6 GHz (4 cores),253
Intel Pentium 997 1.6 GHz (2 cores),253
Intel Core 2 Duo E4500 2.2 GHz (2 cores),252
Intel Core 2 Duo P7550 2.3 GHz (2 cores),252
Intel Core i3-2367M 1.4 GHz (2 cores),252
AMD A8-6410 2.0 GHz (4 cores),252
Intel Celeron 887 1.5 GHz (2 cores),251
Intel Core 2 Duo T5670 1.8 GHz (2 cores),250
AMD A4-3300M 1.9 GHz (2 cores),250
Intel Core i3-2375M 1.5 GHz (2 cores),249
Intel Core 2 Duo T5800 2.0 GHz (2 cores),248
Intel Pentium T3200 2.0 GHz (2 cores),247
AMD Athlon 5350 2.0 GHz (4 cores),246
AMD A6-7310 2.0 GHz (4 cores),246
Intel Core 2 Duo T7200 2.0 GHz (2 cores),245
Intel Pentium E2200 2.2 GHz (2 cores),245
AMD A8-3500M 1.5 GHz (4 cores),244
AMD Athlon II P320 2.1 GHz (2 cores),244
Intel Core 2 Duo T5750 2.0 GHz (2 cores),243
AMD A6-3400M 1.4 GHz (4 cores),242
AMD Athlon 64 X2 5000+ 2.6 GHz (2 cores),241
AMD Athlon II M320 2.1 GHz (2 cores),239
AMD A6-4455M 2.1 GHz (2 cores),238
AMD A4-4355M 1.9 GHz (2 cores),238
AMD A6-6310 1.8 GHz (4 cores),238
Intel Core 2 Duo E6300 1.9 GHz (2 cores),237
AMD A4-7210 1.8 GHz (4 cores),236
AMD Phenom II X4 P960 1.8 GHz (4 cores),234
Intel Pentium J3710 1.6 GHz (4 cores),231
Intel Core 2 Duo T7100 1.8 GHz (2 cores),230
Intel Core 2 Duo E4300 1.8 GHz (2 cores),228
AMD A4 Pro-3350B 2.0 GHz (4 cores),228
Intel Pentium T3400 2.2 GHz (2 cores),225
Intel Core 2 Duo U9600 1.6 GHz (2 cores),224
AMD A8-4555M 1.6 GHz (4 cores),224
Intel Pentium E2180 2.0 GHz (2 cores),223
Intel Pentium 987 1.5 GHz (2 cores),222
Intel Core i3-2365M 1.4 GHz (2 cores),221
AMD Phenom X4 9650 2.3 GHz (4 cores),220
AMD Athlon 64 X2 4200+ 2.2 GHz (2 cores),219
Intel Atom x7-Z8750 1.6 GHz (4 cores),219
AMD A6-5200 2.0 GHz (4 cores),217
Intel Celeron J1900 2.0 GHz (4 cores),217
Intel Pentium N3540 2.2 GHz (4 cores),216
Intel Atom x5-Z8550 1.4 GHz (4 cores),216
Intel Celeron J3060 1.6 GHz (2 cores),216
Intel Core 2 Duo T5550 1.8 GHz (2 cores),215
Intel Atom Z3795 1.6 GHz (4 cores),214
Intel Celeron N2840 2.2 GHz (2 cores),214
Intel Pentium N3530 2.2 GHz (4 cores),213
Intel Pentium A1020 2.4 GHz (4 cores),212
AMD Athlon II M300 2.0 GHz (2 cores),211
Intel Atom x7-Z8700 1.6 GHz (4 cores),210
Intel Core 2 Duo T5270 1.4 GHz (2 cores),210
Intel Pentium N3700 1.6 GHz (4 cores),209
Intel Pentium E2160 1.8 GHz (2 cores),207
AMD Phenom X4 9500 2.2 GHz (4 cores),205
Intel Core 2 Duo U9400 1.4 GHz (2 cores),205
Intel Celeron N2820 2.1 GHz (2 cores),205
Intel Pentium N3520 2.2 GHz (4 cores),204
Intel Celeron N2830 2.2 GHz (2 cores),204
Intel Celeron N3160 1.6 GHz (4 cores),204
AMD E2-7110 1.8 GHz (4 cores),204
AMD Turion 64 X2 TL-60 2.0 GHz (2 cores),203
Intel Core 2 Duo T5450 1.7 GHz (2 cores),201
Intel Atom x5-Z8500 1.4 GHz (4 cores),201
Intel Pentium D 830/925/930 3.0 GHz (2 cores),200
Intel Celeron N2940 1.8 GHz (4 cores),200
Intel Celeron N3150 1.6 GHz (4 cores),199
AMD A4-6210 1.8 GHz (4 cores),198
Intel Celeron N2807 1.6 GHz (2 cores),196
Intel Celeron J3160 1.6 GHz (4 cores),195
Intel Celeron 847E 1.1 GHz (2 cores),195
Intel Pentium 4 531/630 3.0 GHz (1 core),193
Intel Pentium D 820/915/920 2.8 GHz (2 cores),192
AMD Athlon 5150 1.6 GHz (4 cores),192
Intel Celeron N2930 1.8 GHz (4 cores),189
Intel Celeron N3010 1.0 GHz (2 cores),186
Intel Celeron 847 1.1 GHz (2 cores),183
Intel Celeron N3050 1.6 GHz (2 cores),183
Intel Atom x5-E8000 1.0 GHz (4 cores),183
AMD GX-415GA 1.5 GHz (4 cores),183
AMD Turion X2 Mobile RM-70 2.0 GHz (2 cores),178
Intel Core 2 Duo T5250 1.5 GHz (2 cores),178
Intel Core i5-470UM 1.3 GHz (2 cores),177
Intel Pentium SU4100 1.3 GHz (2 cores),175
AMD A4-5000 1.5 GHz (4 cores),174
Intel Celeron SU2300 1.2 GHz (2 cores),170
Intel Atom x5-Z8350 1.4 GHz (4 cores),169
AMD E2-6110 1.5 GHz (4 cores),162
Intel Atom x5-Z8300 1.4 GHz (4 cores),160
AMD E2-3800 1.3 GHz (4 cores),159
AMD E1-2500 1.4 GHz (2 cores),153
Intel Celeron N2815 1.9 GHz (2 cores),153
Intel Celeron T1400 1.7 GHz (2 cores),152
Intel Celeron 430 1.8 GHz (1 core),148
Intel Core i7-640UM 1.2 GHz (2 cores),145
AMD E2-1800 1.7 GHz (2 cores),144
AMD E-450 1.6 GHz (2 cores),135
AMD E1-7010 1.5 GHz (2 cores),132
AMD E1-6010 1.4 GHz (2 cores),131
Intel Celeron N2810 2.0 GHz (2 cores),129
AMD E-350 1.6 GHz (2 cores),126
AMD Athlon X2 L310 1.2 GHz (2 cores),118
AMD E1-6015 1.4 GHz (2 cores),118
AMD E1-1200 1.4 GHz (2 cores),116
AMD E1-2100 1.0 GHz (2 cores),114
AMD E1-1500 1.5 GHz (2 cores),111
AMD E-300 1.3 GHz (2 cores),104
AMD C-60 1.0 GHz (2 cores),101
Intel Atom D525 1.8 GHz (2 cores),96
Intel Atom N570 1.7 GHz (2 cores),87
AMD C-50 1.0 GHz (2 cores),82
Intel Atom N550 1.5 GHz (2 cores),76
Intel Atom N455 1.7 GHz (1 core),73
